{"cameraMode":{"drawMode":0,"name":"Shaded","section":"Shading Mode"},"sceneLighting":false,"audioPlay":false,"sceneViewState":{"m_AlwaysRefresh":false,"showFog":true,"showSkybox":false,"showFlares":true,"showImageEffects":true,"showParticleSystems":true,"showVisualEffectGraphs":true,"m_FxEnabled":true},"in2DMode":false,"pivot":{"x":0.8841941952705383,"y":0.1842484474182129,"z":-0.8361441493034363},"rotation":{"x":0.07861870527267456,"y":0.9145894646644592,"z":-0.15068979561328889,"w":0.37248656153678896},"size":1.524744987487793,"orthographic":false}