{"cameraMode":{"drawMode":0,"name":"Shaded","section":"Shading Mode"},"sceneLighting":false,"audioPlay":false,"sceneViewState":{"m_AlwaysRefresh":false,"showFog":true,"showSkybox":false,"showFlares":true,"showImageEffects":true,"showParticleSystems":true,"showVisualEffectGraphs":true,"m_FxEnabled":true},"in2DMode":false,"pivot":{"x":242.20350646972657,"y":20.228012084960939,"z":31.496299743652345},"rotation":{"x":-0.2524889409542084,"y":-0.14561530947685243,"z":0.021469609811902047,"w":-0.9583303332328796},"size":93.10957336425781,"orthographic":false}