{"cameraMode":{"drawMode":0,"name":"Shaded","section":"Shading Mode"},"sceneLighting":true,"audioPlay":false,"sceneViewState":{"m_AlwaysRefresh":false,"showFog":true,"showSkybox":false,"showFlares":true,"showImageEffects":true,"showParticleSystems":true,"showVisualEffectGraphs":true,"m_FxEnabled":true},"in2DMode":false,"pivot":{"x":-14.384485244750977,"y":-0.22584867477416993,"z":0.8588466644287109},"rotation":{"x":0.0727350115776062,"y":-0.31293386220932009,"z":0.048394396901130679,"w":0.9476948380470276},"size":18.186532974243165,"orthographic":false}