{"cameraMode":{"drawMode":0,"name":"Shaded","section":"Shading Mode"},"sceneLighting":false,"audioPlay":false,"sceneViewState":{"m_AlwaysRefresh":false,"showFog":true,"showSkybox":false,"showFlares":true,"showImageEffects":true,"showParticleSystems":true,"showVisualEffectGraphs":true,"m_FxEnabled":true},"in2DMode":false,"pivot":{"x":-0.005275212228298187,"y":0.5416179299354553,"z":0.0031687021255493166},"rotation":{"x":-0.07721841335296631,"y":-0.8039305806159973,"z":0.10330735146999359,"w":-0.5807875990867615},"size":1.1288096904754639,"orthographic":false}