{"cameraMode":{"drawMode":0,"name":"Shaded","section":"Shading Mode"},"sceneLighting":true,"audioPlay":false,"sceneViewState":{"m_AlwaysRefresh":false,"showFog":true,"showSkybox":true,"showFlares":true,"showImageEffects":true,"showParticleSystems":true,"showVisualEffectGraphs":true,"m_FxEnabled":true},"in2DMode":false,"pivot":{"x":124.01420593261719,"y":18.173147201538087,"z":-225.69126892089845},"rotation":{"x":-0.05777721852064133,"y":0.9292877912521362,"z":-0.16511821746826173,"w":-0.32583561539649966},"size":14.860950469970704,"orthographic":false}