{"cameraMode":{"drawMode":0,"name":"Shaded","section":"Shading Mode"},"sceneLighting":false,"audioPlay":false,"sceneViewState":{"m_AlwaysRefresh":false,"showFog":true,"showSkybox":false,"showFlares":true,"showImageEffects":true,"showParticleSystems":true,"showVisualEffectGraphs":true,"m_FxEnabled":true},"in2DMode":false,"pivot":{"x":-1.0292129516601563,"y":4.944698333740234,"z":-1.5563163757324219},"rotation":{"x":-0.25490546226501467,"y":0.23365476727485658,"z":-0.06358026713132858,"w":-0.9362536668777466},"size":51.740318298339847,"orthographic":false}