{"cameraMode":{"drawMode":0,"name":"Shaded","section":"Shading Mode"},"sceneLighting":false,"audioPlay":false,"sceneViewState":{"m_AlwaysRefresh":false,"showFog":true,"showSkybox":false,"showFlares":true,"showImageEffects":true,"showParticleSystems":true,"showVisualEffectGraphs":true,"m_FxEnabled":true},"in2DMode":false,"pivot":{"x":-0.45913082361221316,"y":0.060888927429914477,"z":0.16210304200649262},"rotation":{"x":0.11454682797193527,"y":0.8527584671974182,"z":-0.1702830195426941,"w":0.4845559298992157},"size":1.524744987487793,"orthographic":false}